timestamp,tipo,temperatura,humedad,presion
2025-10-17 17:03:00,,32.91525,27.26625,95.86100
2025-10-17 17:04:00,,32.76342,26.58992,95.77933
2025-10-17 17:05:00,,32.92592,26.44000,95.77642
2025-10-17 17:06:00,,32.90717,26.39508,95.77283
2025-10-17 17:07:00,,32.81570,26.61150,95.78800
2025-10-17 17:08:00,,32.94067,26.37600,95.76933
2025-10-17 17:09:00,,33.02950,26.38675,95.76325
2025-10-17 17:10:00,,32.94230,25.77620,95.74680
2025-10-17 17:11:00,,32.89558,25.15658,95.76142
2025-10-17 17:12:00,,32.85017,24.44092,95.76625
2025-10-17 17:13:00,,32.95725,23.42458,95.76892
2025-10-17 17:14:00,,33.10840,23.39520,95.78180
2025-10-17 17:15:00,,32.92375,23.76767,95.76483
2025-10-17 17:16:00,,32.91250,24.01417,95.73700
2025-10-17 17:49:00,,32.42267,29.87950,95.79267
2025-10-17 17:50:00,,32.55550,30.64200,95.84700
2025-10-17 17:51:00,,32.55633,29.98558,95.77217
2025-10-17 17:52:00,,32.58400,30.01550,95.77275
2025-10-17 17:53:00,,32.60850,29.95250,95.84550
2025-10-17 17:54:00,,32.67550,29.15220,95.75160
2025-10-17 17:55:00,,32.61792,29.08650,95.77158
2025-10-17 17:56:00,,32.62217,28.94367,95.77117
2025-10-17 17:57:00,,32.66017,28.49067,95.76917
2025-10-17 17:58:00,,32.68260,28.60510,95.78450
2025-10-17 17:59:00,,32.66217,28.97492,95.76892
2025-10-17 18:00:00,,32.64025,29.07817,95.77458
2025-10-17 18:01:00,,32.68480,29.01260,95.76100
2025-10-17 18:02:00,,32.75508,28.87442,95.77400
2025-10-17 18:03:00,,32.74200,28.18642,95.77250
2025-10-17 18:04:00,,32.76058,28.17383,95.77333
2025-10-17 18:05:00,,32.75600,28.35920,95.79390
2025-10-17 18:06:00,,32.76358,28.25533,95.77458
2025-10-17 18:07:00,,32.80267,28.06717,95.77375
2025-10-17 18:08:00,,32.83450,27.93570,95.75650
2025-10-17 18:09:00,,32.72200,27.89733,95.77117
2025-10-17 18:10:00,,32.75883,28.21425,95.77383
2025-10-17 18:11:00,,32.81560,28.46350,95.79360
2025-10-17 18:12:00,,32.84250,27.70267,95.77342
2025-10-17 18:13:00,,32.90100,28.01075,95.77433
2025-10-17 18:14:00,,32.96133,28.18050,95.77525
2025-10-17 18:15:00,,32.92660,28.04590,95.75860
2025-10-17 18:16:00,,32.79325,26.48992,95.77167
2025-10-17 18:17:00,,32.79958,25.84600,95.77117
2025-10-17 18:18:00,,32.80690,25.24880,95.78660
2025-10-17 18:19:00,,32.76633,24.40267,95.77067
2025-10-17 18:20:00,,32.52808,24.11950,95.77308
2025-10-17 18:21:00,,32.63408,24.54117,95.77358
2025-10-17 18:22:00,,32.79250,24.79030,95.75820
2025-10-17 18:23:00,,32.89050,25.29008,95.77367
2025-10-17 18:24:00,,32.92975,25.38200,95.77175
2025-10-17 18:25:00,,33.01120,25.64260,95.78800
2025-10-17 18:26:00,,33.04692,25.97517,95.77367
2025-10-17 18:27:00,,33.07367,26.04467,95.77842
2025-10-17 18:28:00,,33.09250,25.93333,95.77608
2025-10-17 18:29:00,,33.13890,26.03800,95.76140
2025-10-17 18:30:00,,33.14033,25.97192,95.77958
2025-10-17 18:31:00,,33.12525,26.19350,95.78242
2025-10-17 18:32:00,,33.19260,26.72710,95.79800
2025-10-17 18:33:00,,33.17208,26.47767,95.77850
2025-10-17 18:34:00,,33.19592,26.33092,95.77842
2025-10-17 18:35:00,,33.25033,26.66133,95.77808
2025-10-17 18:36:00,,33.26730,26.67080,95.76540
2025-10-17 18:37:00,,33.29058,27.02267,95.78075
2025-10-17 18:38:00,,33.32358,27.11417,95.77475
2025-10-17 18:39:00,,33.34000,27.32930,95.78840
2025-10-17 18:40:00,,33.33175,27.13483,95.77275
2025-10-17 18:41:00,,33.34417,27.24442,95.77650
2025-10-17 18:42:00,,33.04308,26.22033,95.77392
2025-10-17 18:43:00,,32.79990,25.08910,95.75790
2025-10-17 18:44:00,,32.43458,24.62817,95.77408
2025-10-17 18:45:00,,32.43125,24.79900,95.77450
2025-10-17 18:46:00,,32.72050,25.30120,95.78840
2025-10-17 18:47:00,,32.88625,25.41592,95.77475
2025-10-17 18:48:00,,33.03533,25.52858,95.78108
2025-10-17 18:49:00,,33.15792,26.01650,95.77867
2025-10-17 18:50:00,,33.21690,26.22390,95.76320
2025-10-17 18:51:00,,33.30092,26.30242,95.78150
2025-10-17 18:52:00,,33.35233,26.14258,95.78158
2025-10-17 18:53:00,,33.40230,26.24650,95.79960
2025-10-17 18:54:00,,33.41525,26.29542,95.78142
2025-10-17 18:55:00,,33.46125,26.32567,95.78300
2025-10-17 18:56:00,,33.49417,26.39375,95.78225
2025-10-17 18:57:00,,33.50970,26.26150,95.76740
2025-10-17 18:58:00,,33.55317,26.29142,95.78433
2025-10-17 18:59:00,,33.56617,26.47925,95.78425
2025-10-17 19:00:00,,33.55850,27.12110,95.79880
2025-10-17 19:01:00,,33.55158,27.17133,95.78233
2025-10-17 19:02:00,,33.53992,26.90325,95.78192
2025-10-17 19:03:00,,33.59358,27.19850,95.78367
2025-10-17 19:04:00,,33.60690,26.88320,95.76770
2025-10-17 19:05:00,,33.59733,26.90308,95.78600
2025-10-17 19:06:00,,33.59067,26.80483,95.78525
2025-10-17 19:07:00,,33.60300,27.18470,95.80170
2025-10-17 19:08:00,,33.59250,27.24983,95.78742
2025-10-17 19:09:00,,33.59617,27.07900,95.79000
2025-10-17 19:10:00,,33.59833,26.82825,95.78858
2025-10-17 19:11:00,,33.59270,26.54140,95.77300
2025-10-17 19:12:00,,33.59508,26.48100,95.78950
2025-10-17 19:13:00,,33.61042,26.66417,95.79175
2025-10-17 19:14:00,,33.60710,26.69910,95.80710
2025-10-17 19:15:00,,33.62358,26.63558,95.79158
2025-10-17 19:16:00,,33.59100,26.76208,95.79075
2025-10-17 19:17:00,,33.33675,26.50025,95.79242
2025-10-17 19:18:00,,33.41650,26.59160,95.78210
2025-10-17 19:19:00,,33.46283,26.49633,95.79542
2025-10-17 19:20:00,,33.51133,26.25300,95.79658
2025-10-17 19:21:00,,33.49740,26.25390,95.81340
2025-10-17 19:22:00,,33.50825,26.14983,95.79383
2025-10-17 19:23:00,,33.51167,26.29350,95.79800
2025-10-17 19:24:00,,33.51933,26.15708,95.79533
2025-10-17 19:25:00,,33.52340,26.13940,95.77910
2025-10-17 19:26:00,,33.51983,26.48608,95.79633
2025-10-17 19:27:00,,33.33350,26.49392,95.79558
2025-10-17 19:28:00,,32.73410,26.47840,95.81120
2025-10-17 19:29:00,,32.76317,26.46100,95.79558
2025-10-17 19:30:00,,32.95908,26.45467,95.79800
2025-10-17 19:31:00,,33.07775,26.29100,95.79975
2025-10-17 19:32:00,,33.04520,26.42700,95.78530
2025-10-17 19:33:00,,33.16733,26.61733,95.80142
2025-10-17 19:34:00,,33.28675,26.57192,95.80317
2025-10-17 19:35:00,,33.35070,26.88380,95.81760
2025-10-17 19:36:00,,33.39142,26.94000,95.80267
2025-10-17 19:37:00,,33.46575,26.93933,95.80517
2025-10-17 19:38:00,,33.47142,27.05367,95.80692
2025-10-17 19:39:00,,33.47590,26.98980,95.78980
2025-10-17 19:40:00,,33.48350,27.10700,95.80358
2025-10-17 19:41:00,,33.46710,27.45840,95.81980
2025-10-17 19:42:00,,33.49408,27.57150,95.80483
2025-10-17 19:43:00,,33.51600,27.59500,95.80625
2025-10-17 19:44:00,,33.49742,27.61092,95.80442
2025-10-17 19:45:00,,33.49217,27.74042,95.80683
2025-10-17 19:46:00,,33.50780,27.77670,95.79340
2025-10-17 19:47:00,,33.52867,27.80492,95.81242
2025-10-17 19:48:00,,33.50620,27.87680,95.82720
2025-10-17 19:49:00,,33.49350,27.86983,95.81375
2025-10-17 19:50:00,,33.47117,27.99375,95.81425
2025-10-17 19:51:00,,33.45630,27.81460,95.79930
2025-10-17 19:52:00,,33.44683,27.96075,95.81567
2025-10-17 19:53:00,,33.43700,27.85180,95.79980
2025-10-17 19:54:00,,33.42100,28.08700,95.81500
2025-10-17 19:55:00,,33.41760,28.24220,95.83160
2025-10-17 19:56:00,,33.41458,28.09117,95.81558
2025-10-17 19:57:00,,33.40633,28.13567,95.81750
2025-10-17 19:58:00,,33.37900,28.24225,95.81750
2025-10-17 19:59:00,,33.37375,28.20017,95.81925
2025-10-17 20:00:00,,33.38350,28.02320,95.80310
2025-10-17 20:01:00,,33.33600,28.25883,95.81692
2025-10-17 20:02:00,,33.30360,28.46700,95.83370
2025-10-17 20:03:00,,33.30683,28.32125,95.81758
2025-10-17 20:04:00,,33.27183,28.29692,95.81658
2025-10-17 20:05:00,,33.26592,28.35825,95.81625
2025-10-17 20:06:00,,33.26908,28.48183,95.81908
2025-10-17 20:07:00,,33.27220,28.34340,95.80400
2025-10-17 20:08:00,,33.21833,28.37900,95.82008
2025-10-17 20:09:00,,33.14490,28.63150,95.83620
2025-10-17 20:10:00,,33.13142,28.48533,95.82125
2025-10-17 20:11:00,,33.10375,28.39183,95.82108
2025-10-17 20:12:00,,33.07642,28.34875,95.82258
2025-10-17 20:13:00,,33.07187,28.33700,95.82312
2025-10-17 22:02:00,,31.55600,31.47650,95.97950
2025-10-17 22:03:00,,31.51567,31.41183,95.97783
2025-10-17 22:04:00,,31.49000,31.30150,95.97617
2025-10-17 22:05:00,,31.46100,31.26550,95.97583
2025-10-17 22:06:00,,31.46450,31.18450,95.97375
2025-10-17 22:07:00,,31.47000,31.20100,95.97200
2025-10-17 22:08:00,,31.48583,31.04350,95.97383
2025-10-17 22:09:00,,31.44050,30.77667,95.97433
2025-10-17 22:10:00,,31.42050,30.48700,95.97750
2025-10-17 22:11:00,,31.41917,30.45717,95.97867
2025-10-17 22:12:00,,31.40233,30.43233,95.97967
2025-10-17 22:13:00,,31.43725,30.64775,95.98000
2025-10-17 22:14:00,,31.50775,31.57625,95.98050
2025-10-17 22:15:00,,31.57333,30.66783,95.97950
2025-10-17 22:16:00,,31.53510,29.91030,95.91770
2025-10-17 22:17:00,,31.55425,29.39692,95.90142
2025-10-17 22:18:00,,31.59142,29.23900,95.90192
2025-10-17 22:19:00,,31.64070,28.85870,95.88650
2025-10-17 22:20:00,,31.60590,29.13960,95.91820
2025-10-17 22:21:00,,31.64783,28.97983,95.90233
2025-10-17 22:22:00,,31.66683,28.93017,95.90225
2025-10-17 22:23:00,,31.64892,28.91292,95.90217
2025-10-17 22:24:00,,31.63592,28.82567,95.90133
2025-10-17 22:25:00,,31.62750,28.60500,95.90108
2025-10-17 22:26:00,,31.65530,28.56010,95.88570
2025-10-17 22:27:00,,31.60870,28.86650,95.91710
2025-10-17 22:28:00,,31.62508,28.70458,95.90158
2025-10-17 22:29:00,,31.64850,28.74058,95.90100
2025-10-17 22:30:00,,31.67033,28.73392,95.90308
2025-10-17 22:31:00,,31.59867,28.46350,95.90383
2025-10-17 22:32:00,,31.23150,27.79100,95.90392
2025-10-17 22:33:00,,31.31650,27.82360,95.88940
2025-10-17 22:34:00,,31.36270,28.04250,95.92160
2025-10-17 22:35:00,,31.40942,27.94642,95.90367
2025-10-17 22:36:00,,31.44100,27.86608,95.90542
2025-10-17 22:37:00,,31.46308,27.71208,95.90500
2025-10-17 22:38:00,,31.45692,27.62842,95.90567
2025-10-17 22:39:00,,31.47558,27.59408,95.90742
2025-10-17 22:40:00,,31.47312,27.32175,95.90762
2025-10-17 22:41:00,,31.44117,27.15125,95.90658
2025-10-17 22:42:00,,31.40833,27.23633,95.90858
2025-10-17 22:43:00,,31.39408,27.08183,95.90658
2025-10-17 22:44:00,,31.37267,27.18483,95.90558
2025-10-17 22:45:00,,31.35508,27.10008,95.90708
2025-10-17 22:46:00,,31.35133,26.95683,95.90517
2025-10-17 22:47:00,,31.34788,27.05013,95.90825
2025-10-17 22:48:00,,31.35442,26.94008,95.90917
2025-10-17 22:49:00,,31.34025,26.92375,95.90717
2025-10-17 22:50:00,,31.34700,26.83958,95.90392
2025-10-17 22:51:00,,31.35242,26.80050,95.90408
2025-10-17 22:52:00,,31.32733,26.78875,95.90517
2025-10-17 22:53:00,,31.32083,26.67525,95.90533
2025-10-17 22:54:00,,31.29350,26.82712,95.90450
2025-10-17 22:55:00,,31.29375,26.91433,95.90625
2025-10-17 22:56:00,,31.31217,26.89692,95.90608
2025-10-17 22:57:00,,31.29883,26.94133,95.90917
2025-10-17 22:58:00,,31.29925,26.88825,95.90692
2025-10-17 22:59:00,,31.27867,26.90558,95.90717
2025-10-17 23:00:00,,31.28092,26.76425,95.90608
2025-10-17 23:01:00,,31.25175,26.89775,95.90975
2025-10-17 23:02:00,,31.22967,26.73425,95.90975
2025-10-17 23:03:00,,31.20042,26.56950,95.90842
2025-10-17 23:04:00,,31.19892,26.80592,95.90742
2025-10-17 23:05:00,,31.18858,26.82933,95.90708
2025-10-17 23:06:00,,31.16583,26.67900,95.90875
2025-10-17 23:07:00,,31.11258,26.62483,95.90642
2025-10-17 23:08:00,,31.09688,26.66625,95.90800
2025-10-17 23:09:00,,31.07625,26.72000,95.90725
2025-10-17 23:10:00,,30.90950,26.94375,95.90433
2025-10-17 23:11:00,,30.82567,27.01800,95.90317
2025-10-17 23:12:00,,30.86450,27.42858,95.90242
2025-10-17 23:13:00,,30.96767,27.04758,95.90167
2025-10-17 23:14:00,,30.98817,26.81283,95.90133
2025-10-17 23:15:00,,30.98525,26.84150,95.90112
2025-10-17 23:16:00,,30.97467,26.77075,95.90117
2025-10-17 23:17:00,,30.98150,26.75500,95.90033
2025-10-17 23:18:00,,30.98783,26.76067,95.89908
2025-10-17 23:19:00,,30.93742,26.85300,95.89800
2025-10-17 23:20:00,,30.90700,27.09800,95.89675
2025-10-17 23:21:00,,30.93033,26.86658,95.89533
2025-10-17 23:22:00,,30.95675,27.07812,95.89575
2025-10-17 23:23:00,,30.94775,27.22458,95.89700
2025-10-17 23:24:00,,30.89358,26.98567,95.89750
2025-10-17 23:25:00,,30.89700,27.02758,95.89692
2025-10-17 23:26:00,,30.88533,27.13033,95.89675
2025-10-17 23:27:00,,30.87692,27.23317,95.89525
2025-10-17 23:28:00,,30.90642,27.38375,95.89400
2025-10-17 23:29:00,,30.89550,27.39875,95.89325
2025-10-17 23:30:00,,30.88558,27.84592,95.89200
2025-10-17 23:31:00,,30.90592,27.62733,95.89242
2025-10-17 23:32:00,,30.90725,27.40183,95.89183
2025-10-17 23:33:00,,30.90567,27.42283,95.89133
2025-10-17 23:34:00,,30.87325,27.41025,95.88992
2025-10-17 23:35:00,,30.84525,27.52267,95.89025
2025-10-17 23:36:00,,30.82475,27.60125,95.89063
2025-10-17 23:37:00,,30.80725,27.55250,95.89117
2025-10-17 23:38:00,,30.78792,27.71058,95.89167
2025-10-17 23:39:00,,30.75883,27.67500,95.89158
2025-10-17 23:40:00,,30.75117,27.58342,95.89050
2025-10-17 23:41:00,,30.72833,27.56658,95.88917
2025-10-17 23:42:00,,30.68450,27.60583,95.88725
2025-10-17 23:43:00,,30.65388,27.60650,95.88700
2025-10-17 23:44:00,,30.62642,27.67125,95.88758
2025-10-17 23:45:00,,30.58883,27.72917,95.88792
2025-10-17 23:46:00,,30.53367,27.69342,95.88625
2025-10-17 23:47:00,,30.51350,27.70067,95.88642
2025-10-17 23:48:00,,30.47608,27.74175,95.88533
2025-10-17 23:49:00,,30.44983,27.87892,95.88625
2025-10-17 23:50:00,,30.44313,27.84262,95.88750
2025-10-17 23:51:00,,30.43375,27.75892,95.88858
2025-10-17 23:52:00,,30.41842,27.72142,95.88608
2025-10-17 23:53:00,,30.40583,27.70742,95.88500
2025-10-17 23:54:00,,30.37808,27.77308,95.88492
2025-10-17 23:55:00,,30.36092,27.86492,95.88458
2025-10-17 23:56:00,,30.11600,28.39608,95.88592
2025-10-17 23:57:00,,30.09450,28.56437,95.88625
2025-10-17 23:58:00,,30.18775,28.33200,95.88550
2025-10-17 23:59:00,,30.23725,28.28167,95.88675
2025-10-18 00:00:00,,30.26258,28.15167,95.88783
2025-10-18 00:01:00,,30.27800,28.06000,95.88842
2025-10-18 00:02:00,,30.25925,27.99325,95.88867
2025-10-18 00:03:00,,30.08375,28.45867,95.88867
2025-10-18 00:04:00,,30.19050,28.60487,95.88800
2025-10-18 00:05:00,,30.33067,28.68558,95.88575
2025-10-18 00:06:00,,30.42142,28.78758,95.88467
2025-10-18 00:07:00,,30.49542,28.83042,95.88317
2025-10-18 00:08:00,,30.54850,28.80917,95.88383
2025-10-18 00:09:00,,30.59250,28.91908,95.88317
2025-10-18 00:10:00,,30.62742,29.00408,95.88383
2025-10-18 00:11:00,,30.64837,28.94175,95.88413
2025-10-18 00:12:00,,30.68300,29.07692,95.88300
2025-10-18 00:13:00,,30.71408,29.16683,95.88267
2025-10-18 00:14:00,,30.72475,29.22792,95.88242
2025-10-18 00:15:00,,30.74008,29.25725,95.88108
2025-10-18 00:16:00,,30.75875,29.10792,95.88075
2025-10-18 00:17:00,,30.74160,29.28380,95.89580
2025-10-18 00:18:00,,30.76520,29.05490,95.86340
2025-10-18 00:19:00,,30.76408,29.37650,95.87842
2025-10-18 00:20:00,,30.78758,29.54533,95.87858
2025-10-18 00:21:00,,30.78567,29.68742,95.87758
2025-10-18 00:22:00,,30.79333,29.78642,95.87550
2025-10-18 00:23:00,,30.79083,29.91667,95.87342
2025-10-18 00:24:00,,30.78690,29.95740,95.88890
2025-10-18 00:25:00,,30.80180,29.72020,95.85670
2025-10-18 00:26:00,,30.82517,29.81933,95.87317
2025-10-18 00:27:00,,30.82000,29.76967,95.87150
2025-10-18 00:28:00,,30.83450,29.74675,95.87133
2025-10-18 00:29:00,,30.82083,29.81108,95.87167
2025-10-18 00:30:00,,30.81250,29.77058,95.87050
2025-10-18 00:31:00,,30.80380,29.94010,95.88610
2025-10-18 00:32:00,,30.80580,29.72070,95.85410
2025-10-18 00:33:00,,30.81917,29.73750,95.86858
2025-10-18 00:34:00,,30.80483,29.98500,95.86717
2025-10-18 00:35:00,,30.80625,29.80308,95.86592
2025-10-18 00:36:00,,30.78450,29.81108,95.86458
2025-10-18 00:37:00,,30.78967,29.71517,95.86517
2025-10-18 00:38:00,,30.77630,29.70050,95.88240
2025-10-18 00:39:00,,30.78490,29.54220,95.85070
2025-10-18 00:40:00,,30.78542,29.65367,95.86667
2025-10-18 00:41:00,,30.78208,29.71567,95.86658
2025-10-18 00:42:00,,30.78450,29.86883,95.86658
2025-10-18 00:43:00,,30.77658,29.85267,95.86625
2025-10-18 00:44:00,,30.76283,29.65983,95.86583
2025-10-18 00:45:00,,30.74220,29.78460,95.88190
2025-10-18 00:46:00,,30.76770,29.59800,95.85100
2025-10-18 00:47:00,,30.76642,29.75050,95.86733
2025-10-18 00:48:00,,30.75150,29.75625,95.86775
2025-10-18 00:49:00,,30.72942,29.97425,95.86758
2025-10-18 00:50:00,,30.73950,29.81450,95.86800
2025-10-18 00:51:00,,30.74267,29.77017,95.86750
2025-10-18 00:52:00,,30.74210,30.26680,95.88160
2025-10-18 00:53:00,,30.75796,30.04913,95.85262
2025-10-18 00:54:00,,30.74393,30.20846,95.86291
2025-10-18 00:55:00,,30.72492,30.13725,95.86483
2025-10-18 00:56:00,,30.73192,29.72358,95.86542
2025-10-18 00:57:00,,30.73133,29.68208,95.86533
2025-10-18 00:58:00,,30.72500,29.99825,95.86392
2025-10-18 00:59:00,,30.69610,29.81790,95.87750
2025-10-18 01:00:00,,30.70085,29.56594,95.85104
2025-10-18 01:01:00,,30.68465,29.02684,95.85632
2025-10-18 01:02:00,,30.66983,28.98517,95.85908
2025-10-18 01:03:00,,30.65275,29.00983,95.85850
2025-10-18 01:04:00,,30.64392,28.98258,95.85833
2025-10-18 01:05:00,,30.66758,29.25108,95.85842
2025-10-18 01:06:00,,30.65540,30.00620,95.87250
2025-10-18 01:07:00,,30.67409,29.98000,95.84773
2025-10-18 01:08:00,,30.67027,29.87509,95.84609
2025-10-18 01:09:00,,30.67175,29.80742,95.85117
2025-10-18 01:10:00,,30.65708,29.77225,95.84983
2025-10-18 01:11:00,,30.65042,29.76233,95.84900
2025-10-18 01:12:00,,30.62817,29.97925,95.84975
2025-10-18 01:13:00,,30.61540,30.20650,95.86430
2025-10-18 01:14:00,,30.63167,30.01395,95.84333
2025-10-18 01:15:00,,30.63226,29.90462,95.83632
2025-10-18 01:16:00,,30.59925,29.72208,95.84450
2025-10-18 01:17:00,,30.58342,29.51225,95.84308
2025-10-18 01:18:00,,30.57633,29.44567,95.84208
2025-10-18 01:19:00,,30.55833,29.58908,95.84217
2025-10-18 01:20:00,,30.55330,29.83360,95.85760
2025-10-18 01:21:00,,30.57110,29.67475,95.84034
2025-10-18 01:22:00,,30.56108,29.69804,95.82833
2025-10-18 01:23:00,,30.56292,29.87767,95.84167
2025-10-18 01:24:00,,30.55183,29.79550,95.84000
2025-10-18 01:25:00,,30.54217,29.75850,95.83975
2025-10-18 01:26:00,,30.53342,29.44175,95.84075
2025-10-18 01:27:00,,30.51160,29.59090,95.85840
2025-10-18 01:28:00,,30.50958,29.41450,95.84525
2025-10-18 01:29:00,,30.52580,29.24030,95.83040
2025-10-18 01:30:00,,30.50125,29.52817,95.84775
2025-10-18 01:31:00,,30.50658,29.64167,95.84842
2025-10-18 01:32:00,,30.47850,29.54308,95.84617
2025-10-18 01:33:00,,30.47067,29.45883,95.84400
2025-10-18 01:34:00,,30.43620,29.56100,95.85810
2025-10-18 01:35:00,,30.43333,29.44842,95.84125
2025-10-18 01:36:00,,30.42940,29.21300,95.82520
2025-10-18 01:37:00,,30.38683,29.37025,95.84008
2025-10-18 01:38:00,,30.39383,29.36000,95.83842
2025-10-18 01:39:00,,30.37525,29.22217,95.83667
2025-10-18 01:40:00,,30.37550,29.29200,95.83433
2025-10-18 01:41:00,,30.19980,29.68830,95.84940
2025-10-18 01:42:00,,30.21175,29.77958,95.83358
2025-10-18 01:43:00,,30.26380,29.58280,95.81830
2025-10-18 01:44:00,,30.17750,29.55508,95.83308
2025-10-18 01:45:00,,30.11092,29.64875,95.83217
2025-10-18 01:46:00,,30.15758,29.51158,95.83058
2025-10-18 01:47:00,,30.14417,29.33150,95.82925
2025-10-18 01:48:00,,30.17340,29.47820,95.84270
2025-10-18 01:49:00,,30.20925,29.36867,95.82533
2025-10-18 01:50:00,,30.17110,29.04590,95.80970
2025-10-18 01:51:00,,30.16975,29.24867,95.82358
2025-10-18 01:52:00,,30.19167,29.39825,95.82267
2025-10-18 01:53:00,,30.16108,29.32792,95.82150
2025-10-18 01:54:00,,30.12680,29.43930,95.83650
2025-10-18 01:55:00,,30.13758,29.32292,95.81958
2025-10-18 01:56:00,,30.12492,29.33283,95.81783
2025-10-18 01:57:00,,30.17030,29.27900,95.80270
2025-10-18 01:58:00,,30.12075,29.23725,95.81642
2025-10-18 01:59:00,,29.99275,28.93767,95.81558
2025-10-18 02:00:00,,29.96442,29.10942,95.81458
2025-10-18 02:01:00,,30.02030,29.42120,95.82950
2025-10-18 02:02:00,,30.04433,29.30833,95.81392
2025-10-18 02:03:00,,30.05767,29.39033,95.81267
2025-10-18 02:04:00,,30.06970,29.27400,95.79500
2025-10-18 02:05:00,,30.01350,29.32950,95.81000
2025-10-18 02:06:00,,29.98808,29.12000,95.80850
2025-10-18 02:07:00,,30.01225,29.16983,95.80775
2025-10-18 02:08:00,,29.99380,29.27870,95.82200
2025-10-18 02:09:00,,30.03700,29.24133,95.80533
2025-10-18 02:10:00,,30.04650,29.35892,95.80450
2025-10-18 02:11:00,,30.05760,29.23690,95.78730
2025-10-18 02:12:00,,30.03292,29.40417,95.80167
2025-10-18 02:13:00,,29.99242,29.44100,95.80117
2025-10-18 02:14:00,,29.93483,29.74750,95.80042
2025-10-18 02:15:00,,29.89960,29.87380,95.81620
2025-10-18 02:16:00,,29.78025,29.97225,95.79858
2025-10-18 02:17:00,,29.85483,30.00708,95.79500
2025-10-18 02:18:00,,29.90890,29.68500,95.77790
2025-10-18 02:19:00,,29.91025,29.79008,95.79258
2025-10-18 02:20:00,,29.92175,29.85067,95.79233
2025-10-18 02:21:00,,29.75742,29.94542,95.79225
2025-10-18 02:22:00,,29.70040,30.26980,95.80710
2025-10-18 02:23:00,,29.77333,30.07283,95.79192
2025-10-18 02:24:00,,29.82767,29.99700,95.78967
2025-10-18 02:25:00,,29.90260,29.90920,95.77270
2025-10-18 02:26:00,,29.94758,30.30475,95.78575
2025-10-18 02:27:00,,29.95783,30.46858,95.78442
2025-10-18 02:28:00,,29.95875,30.54583,95.78275
2025-10-18 02:29:00,,29.96110,30.80170,95.79860
2025-10-18 02:30:00,,29.97642,30.92808,95.78250
2025-10-18 02:31:00,,29.99425,31.00108,95.78325
2025-10-18 02:32:00,,30.02140,31.00120,95.76860
2025-10-18 02:33:00,,30.01000,31.23458,95.78500
2025-10-18 02:34:00,,30.02058,31.35525,95.78542
2025-10-18 02:35:00,,29.99883,31.38133,95.78525
2025-10-18 02:36:00,,29.98060,31.60150,95.80060
2025-10-18 02:37:00,,30.01033,31.53008,95.78517
2025-10-18 02:38:00,,29.99258,31.57050,95.78392
2025-10-18 02:39:00,,29.98990,31.38990,95.76910
2025-10-18 02:40:00,,29.99308,31.66408,95.78317
2025-10-18 02:41:00,,30.00100,31.53742,95.78250
2025-10-18 02:42:00,,29.98208,31.73058,95.78108
2025-10-18 02:43:00,,29.95630,31.98860,95.79440
2025-10-18 02:44:00,,29.98520,31.66700,95.76130
2025-10-18 03:40:00,,29.49900,35.40150,95.81050
2025-10-18 04:05:00,,29.59500,36.38850,95.78900
2025-10-18 04:08:00,,29.69325,38.27725,95.78975
2025-10-18 04:09:00,,29.57380,36.26410,95.72460
2025-10-18 04:10:00,,29.54408,35.97258,95.70767
2025-10-18 04:11:00,,29.54850,35.80930,95.69000
2025-10-18 04:12:00,,29.55560,36.21120,95.71980
2025-10-18 04:13:00,,29.55600,35.96808,95.70275
2025-10-18 04:14:00,,29.55350,35.94442,95.70200
2025-10-18 04:15:00,,29.52270,36.16860,95.71630
2025-10-18 04:16:00,,29.55310,36.17070,95.71540
2025-10-18 04:17:00,,29.55900,35.96750,95.69787
2025-10-18 04:21:00,,29.54870,36.24380,95.70520
2025-10-18 04:22:00,,29.54783,36.04058,95.68975
2025-10-18 04:23:00,,29.54650,36.05858,95.69000
2025-10-18 05:01:00,,29.00475,37.58825,95.73400
2025-10-18 05:02:00,,29.01300,37.55250,95.73750
2025-10-18 05:03:00,,28.89033,37.72283,95.73650
2025-10-18 05:04:00,,28.92667,37.65467,95.73767
2025-10-18 05:05:00,,28.93200,37.68725,95.73900
2025-10-18 05:06:00,,28.91550,37.70700,95.73900
2025-10-18 05:07:00,,28.77767,37.32400,95.67983
2025-10-18 05:08:00,,28.73025,37.11042,95.65533
2025-10-18 05:09:00,,28.78175,37.05767,95.65250
2025-10-18 05:10:00,,28.84142,37.03217,95.65117
2025-10-18 05:11:00,,28.84690,37.27130,95.66500
2025-10-18 05:12:00,,28.89840,36.88020,95.63650
2025-10-18 05:13:00,,28.89558,36.98908,95.64958
2025-10-18 05:14:00,,28.88608,36.97275,95.65117
2025-10-18 05:15:00,,28.90125,36.88533,95.65042
2025-10-18 05:16:00,,28.89825,36.87717,95.65308
2025-10-18 05:17:00,,28.91517,36.91533,95.64808
2025-10-18 05:18:00,,28.89590,37.10870,95.66510
2025-10-18 05:19:00,,28.93040,36.66570,95.63190
2025-10-18 05:20:00,,28.87467,36.92325,95.64650
2025-10-18 05:21:00,,28.87517,36.91292,95.64517
2025-10-18 05:22:00,,28.89092,36.83033,95.64458
2025-10-18 05:23:00,,28.88733,36.80942,95.64558
2025-10-18 05:24:00,,28.89083,36.80875,95.64592
2025-10-18 05:25:00,,28.84540,37.19030,95.65980
2025-10-18 05:26:00,,28.88640,36.74880,95.62960
2025-10-18 05:27:00,,28.85117,36.94267,95.64117
2025-10-18 05:28:00,,28.84792,36.86433,95.64083
2025-10-18 05:29:00,,28.83000,36.82025,95.64342
2025-10-18 05:30:00,,28.81425,36.83983,95.64350
2025-10-18 05:31:00,,28.77880,37.06810,95.65920
2025-10-18 05:32:00,,28.79717,36.87358,95.64542
2025-10-18 05:33:00,,28.82170,36.65960,95.62980
2025-10-18 05:34:00,,28.76167,36.86533,95.64492
2025-10-18 05:35:00,,28.75958,36.88658,95.64425
2025-10-18 05:36:00,,28.75558,36.93542,95.64292
2025-10-18 05:37:00,,28.72333,36.98025,95.64075
2025-10-18 05:38:00,,28.67540,37.23680,95.65610
2025-10-18 05:39:00,,28.71508,37.00417,95.63883
2025-10-18 05:40:00,,28.74420,36.80390,95.62110
2025-10-18 05:41:00,,28.68658,37.03608,95.63508
2025-10-18 05:42:00,,28.68783,37.02475,95.63625
2025-10-18 05:43:00,,28.67075,36.99017,95.63175
2025-10-18 05:44:00,,28.63642,37.01233,95.63325
2025-10-18 05:45:00,,28.59470,37.23500,95.64790
2025-10-18 05:46:00,,28.62958,36.98417,95.63250
2025-10-18 05:47:00,,28.64610,36.78550,95.61670
2025-10-18 05:48:00,,28.60833,37.00692,95.63333
2025-10-18 05:49:00,,28.59992,37.00817,95.63392
2025-10-18 05:50:00,,28.60550,36.98583,95.63475
2025-10-18 05:51:00,,28.58325,36.97042,95.63475
2025-10-18 05:52:00,,28.55000,37.20740,95.65380
2025-10-18 05:53:00,,28.56042,36.98642,95.63650
2025-10-18 05:54:00,,28.58270,36.78240,95.61900
2025-10-18 05:55:00,,28.58092,36.99050,95.63158
2025-10-18 05:56:00,,28.58258,36.96308,95.63175
2025-10-18 05:57:00,,28.57550,36.99350,95.63075
2025-10-18 05:58:00,,28.55933,36.98475,95.63125
2025-10-18 05:59:00,,28.52550,37.21720,95.64730
2025-10-18 06:00:00,,28.53792,37.00792,95.62667
2025-10-18 06:01:00,,28.55120,36.76710,95.61120
2025-10-18 06:02:00,,28.52117,36.93017,95.62517
2025-10-18 06:03:00,,28.48217,37.00308,95.62225
2025-10-18 06:04:00,,28.48150,37.01233,95.62292
2025-10-18 06:05:00,,28.48825,36.97483,95.62375
2025-10-18 06:06:00,,28.41370,37.22210,95.63730
2025-10-18 06:07:00,,28.45850,37.00267,95.62325
2025-10-18 06:08:00,,28.46920,36.83940,95.60350
2025-10-18 06:09:00,,28.42900,37.03258,95.62092
2025-10-18 06:10:00,,28.42183,37.01817,95.62067
2025-10-18 06:11:00,,28.42067,37.01058,95.61942
2025-10-18 06:12:00,,28.41208,36.94342,95.62033
2025-10-18 06:13:00,,28.36730,37.16920,95.63680
2025-10-18 06:14:00,,28.39700,36.87750,95.62083
2025-10-18 06:15:00,,28.42400,36.60740,95.60590
2025-10-18 06:16:00,,28.37492,36.85808,95.61992
2025-10-18 06:17:00,,28.36200,36.84250,95.62092
2025-10-18 06:18:00,,28.34983,36.83175,95.62017
2025-10-18 06:19:00,,28.33242,36.85958,95.62025
2025-10-18 06:20:00,,28.26650,37.11280,95.63410
2025-10-18 06:21:00,,28.30217,36.91133,95.61783
2025-10-18 06:22:00,,28.34130,36.68860,95.60340
2025-10-18 06:23:00,,28.28750,36.91700,95.61633
2025-10-18 06:24:00,,28.27617,36.93400,95.61892
2025-10-18 06:25:00,,28.26892,36.94408,95.61642
2025-10-18 06:26:00,,28.26058,36.95575,95.61975
2025-10-18 06:27:00,,28.19990,37.19640,95.63770
2025-10-18 06:28:00,,28.23333,36.94758,95.61858
2025-10-18 06:29:00,,28.28850,36.72330,95.60330
2025-10-18 06:30:00,,28.22400,36.96042,95.61483
2025-10-18 06:31:00,,28.22450,36.99467,95.61450
2025-10-18 06:32:00,,28.20867,37.05717,95.61417
2025-10-18 06:33:00,,28.19550,37.11158,95.61683
2025-10-18 06:34:00,,28.14810,37.44140,95.63200
2025-10-18 06:35:00,,28.18042,37.18725,95.61800
2025-10-18 06:36:00,,28.23090,36.91480,95.60170
2025-10-18 06:37:00,,28.17233,37.17808,95.61958
2025-10-18 06:38:00,,28.15583,37.20858,95.62183
2025-10-18 06:39:00,,28.12375,37.24250,95.62475
2025-10-18 06:40:00,,28.07950,37.28892,95.62692
2025-10-18 06:41:00,,28.03760,37.57560,95.64420
2025-10-18 06:42:00,,28.08633,37.27758,95.62700
2025-10-18 06:43:00,,28.12750,36.99470,95.60980
2025-10-18 06:44:00,,28.08383,37.26400,95.62900
2025-10-18 06:45:00,,28.09258,37.27233,95.62850
2025-10-18 06:46:00,,28.08200,37.21992,95.63300
2025-10-18 06:47:00,,28.06983,37.20167,95.63317
2025-10-18 06:48:00,,28.00620,37.45470,95.64490
2025-10-18 06:49:00,,28.04708,37.30950,95.63158
2025-10-18 06:50:00,,28.09240,36.96680,95.61330
2025-10-18 06:51:00,,28.03517,37.18125,95.62892
2025-10-18 06:52:00,,28.02900,37.20942,95.62658
2025-10-18 06:53:00,,28.02550,37.17125,95.62817
2025-10-18 06:54:00,,28.01667,37.19433,95.62625
2025-10-18 06:55:00,,27.97340,37.41900,95.64110
2025-10-18 06:56:00,,28.01092,37.15900,95.62858
2025-10-18 06:57:00,,28.04760,36.90570,95.61460
2025-10-18 06:58:00,,27.99125,37.18425,95.63083
2025-10-18 06:59:00,,27.99133,37.28808,95.62933
2025-10-18 07:00:00,,27.97350,37.33700,95.63142
2025-10-18 07:01:00,,27.97633,37.34117,95.62925
2025-10-18 07:02:00,,27.93540,37.63360,95.64630
2025-10-18 07:03:00,,27.97142,37.35783,95.62642
2025-10-18 07:04:00,,28.00850,37.09170,95.61010
2025-10-18 07:05:00,,27.95550,37.33642,95.62350
2025-10-18 07:06:00,,27.95950,37.36358,95.62242
2025-10-18 07:07:00,,27.95050,37.37658,95.61917
2025-10-18 07:08:00,,27.89450,37.65470,95.63350
2025-10-18 07:09:00,,27.93742,37.39275,95.62000
2025-10-18 07:10:00,,27.94333,37.39550,95.61975
2025-10-18 07:11:00,,27.96340,37.13560,95.60630
2025-10-18 07:12:00,,27.92875,37.41158,95.62217
2025-10-18 07:13:00,,27.91642,37.48733,95.62192
2025-10-18 07:14:00,,27.89808,37.51192,95.62442
2025-10-18 07:15:00,,27.83860,37.81080,95.64120
2025-10-18 07:16:00,,27.87708,37.55308,95.62475
2025-10-18 07:17:00,,27.87492,37.57700,95.62842
2025-10-18 07:18:00,,27.91310,37.32750,95.61300
2025-10-18 07:19:00,,27.85433,37.57867,95.63425
2025-10-18 07:20:00,,27.83750,37.59375,95.63575
2025-10-18 07:21:00,,27.84425,37.61492,95.63508
2025-10-18 07:22:00,,27.78720,37.86460,95.64910
2025-10-18 07:23:00,,27.82583,37.62208,95.63392
2025-10-18 07:24:00,,27.81083,37.63050,95.63058
2025-10-18 07:25:00,,27.84220,37.40240,95.61570
2025-10-18 07:26:00,,27.78808,37.66883,95.63467
2025-10-18 07:27:00,,27.77417,37.65275,95.63392
2025-10-18 07:28:00,,27.75733,37.66358,95.63625
2025-10-18 07:29:00,,27.70230,37.92830,95.65110
2025-10-18 07:30:00,,27.74142,37.68375,95.63775
2025-10-18 07:31:00,,27.74817,37.68450,95.63608
2025-10-18 07:32:00,,27.77740,37.42060,95.61810
2025-10-18 07:33:00,,27.72483,37.67967,95.63508
2025-10-18 07:34:00,,27.71783,37.68308,95.63600
2025-10-18 07:35:00,,27.71333,37.67475,95.63567
2025-10-18 07:36:00,,27.65420,37.96030,95.64850
2025-10-18 07:37:00,,27.69150,37.72975,95.63325
2025-10-18 07:38:00,,27.69367,37.73675,95.63192
2025-10-18 07:39:00,,27.75000,37.45710,95.61640
2025-10-18 07:40:00,,27.69883,37.73333,95.63525
2025-10-18 07:41:00,,27.68000,37.74517,95.63733
2025-10-18 07:42:00,,27.69167,37.72250,95.64158
2025-10-18 07:43:00,,27.62840,38.00190,95.66170
2025-10-18 07:44:00,,27.66967,37.73108,95.64683
2025-10-18 07:45:00,,27.67800,37.73683,95.65083
2025-10-18 07:46:00,,27.71180,37.46540,95.63550
2025-10-18 07:47:00,,27.65933,37.72425,95.65333
2025-10-18 07:48:00,,27.65358,37.72642,95.65692
2025-10-18 07:49:00,,27.65250,37.72150,95.65783
2025-10-18 07:50:00,,27.60990,37.97950,95.67480
2025-10-18 07:51:00,,27.64267,37.70633,95.66267
2025-10-18 07:52:00,,27.64592,37.68500,95.66542
2025-10-18 07:53:00,,27.68130,37.46850,95.65200
2025-10-18 07:54:00,,27.65525,37.75392,95.66742
2025-10-18 07:55:00,,27.66850,37.78442,95.66850
2025-10-18 07:56:00,,27.67867,37.81133,95.67300
2025-10-18 07:57:00,,27.64770,38.07170,95.69200
2025-10-18 07:58:00,,27.69750,37.87017,95.67775
2025-10-18 07:59:00,,27.70533,37.86417,95.67792
2025-10-18 08:00:00,,27.75620,37.58910,95.65950
2025-10-18 08:01:00,,27.73267,37.83175,95.67508
2025-10-18 08:02:00,,27.73450,37.82325,95.67525
2025-10-18 08:03:00,,27.76042,37.77358,95.67417
2025-10-18 08:04:00,,27.74920,37.96170,95.69120
2025-10-18 08:05:00,,27.77925,37.71600,95.67233
2025-10-18 08:06:00,,27.78617,37.69267,95.67825
2025-10-18 08:07:00,,27.80540,37.48590,95.66440
2025-10-18 08:08:00,,27.77942,37.75117,95.68442
2025-10-18 08:09:00,,27.81042,37.76417,95.68433
2025-10-18 08:10:00,,27.82608,37.86367,95.68867
2025-10-18 08:11:00,,27.81080,38.12500,95.70150
2025-10-18 08:12:00,,27.82275,37.88025,95.68225
2025-10-18 08:13:00,,27.84833,37.87650,95.68425
2025-10-18 08:14:00,,27.86880,37.59930,95.66710
2025-10-18 08:15:00,,27.82850,37.82708,95.68058
2025-10-18 08:16:00,,27.84767,37.82600,95.68183
2025-10-18 08:17:00,,27.85183,37.81417,95.68283
2025-10-18 08:18:00,,27.85800,38.05950,95.69930
2025-10-18 08:19:00,,27.87750,37.81500,95.68317
2025-10-18 08:20:00,,27.90817,37.76958,95.68358
2025-10-18 08:21:00,,27.91820,37.50380,95.66940
2025-10-18 08:22:00,,27.90867,37.69108,95.68242
2025-10-18 08:23:00,,27.92408,37.65983,95.68383
2025-10-18 08:24:00,,27.92317,37.62017,95.68158
2025-10-18 08:25:00,,27.93920,37.81410,95.70060
2025-10-18 08:26:00,,27.93883,37.57742,95.68475
2025-10-18 08:27:00,,27.94050,37.50275,95.68275
2025-10-18 08:28:00,,27.96900,37.30490,95.67000
2025-10-18 08:29:00,,27.94533,37.50042,95.68583
2025-10-18 08:30:00,,27.94092,37.47633,95.68383
2025-10-18 08:31:00,,27.95942,37.37633,95.68767
2025-10-18 08:32:00,,27.97030,37.69820,95.70330
2025-10-18 08:33:00,,27.97875,37.47542,95.69042
2025-10-18 08:34:00,,27.98325,37.38958,95.68842
2025-10-18 08:35:00,,27.98750,37.09680,95.67450
2025-10-18 08:36:00,,27.98308,37.25317,95.68758
2025-10-18 08:37:00,,27.98867,37.27717,95.68875
2025-10-18 08:38:00,,27.99158,37.19342,95.68933
2025-10-18 08:39:00,,27.99060,37.44440,95.70620
2025-10-18 08:40:00,,28.00050,37.31858,95.69242
2025-10-18 08:41:00,,28.01275,37.33442,95.69367
2025-10-18 08:42:00,,28.01610,36.87480,95.68150
2025-10-18 08:43:00,,28.01442,36.98108,95.69350
2025-10-18 08:44:00,,28.02267,36.68042,95.69025
2025-10-18 08:45:00,,28.02760,37.02640,95.70280
2025-10-18 08:46:00,,28.04617,36.76633,95.69108
2025-10-18 08:47:00,,28.05725,36.74192,95.68875
2025-10-18 08:48:00,,28.07608,36.71625,95.68550
2025-10-18 08:49:00,,28.08290,36.44500,95.67110
2025-10-18 08:50:00,,28.07192,36.55858,95.68417
2025-10-18 08:51:00,,28.08433,36.60958,95.68350
2025-10-18 08:52:00,,28.07840,36.79490,95.70000
2025-10-18 08:53:00,,28.09317,36.66008,95.68750
2025-10-18 08:54:00,,28.10917,36.66600,95.68758
2025-10-18 08:55:00,,28.11792,36.71608,95.68883
2025-10-18 08:56:00,,28.13240,36.47070,95.67450
2025-10-18 08:57:00,,28.12933,36.72108,95.68725
2025-10-18 08:58:00,,28.14517,36.82600,95.68917
2025-10-18 08:59:00,,28.16175,36.87038,95.68975
2025-10-18 09:00:00,,28.18158,37.12108,95.68875
2025-10-18 09:01:00,,28.19717,37.03583,95.68700
2025-10-18 09:02:00,,28.18800,36.86833,95.68842
2025-10-18 09:03:00,,28.19010,36.60550,95.67280
2025-10-18 09:04:00,,28.18183,36.83525,95.68167
2025-10-18 09:05:00,,28.20408,36.83008,95.68125
2025-10-18 09:06:00,,28.21590,37.28470,95.69480
2025-10-18 09:07:00,,28.23400,37.20100,95.67983
2025-10-18 09:08:00,,28.24008,37.05442,95.68183
2025-10-18 09:09:00,,28.25225,36.94500,95.68250
2025-10-18 09:10:00,,28.26310,37.02130,95.66320
2025-10-18 09:11:00,,28.26092,37.35525,95.67933
2025-10-18 09:12:00,,28.26750,37.42483,95.67833
2025-10-18 09:13:00,,28.25460,37.61760,95.69740
2025-10-18 09:14:00,,28.28117,37.44292,95.67733
2025-10-18 09:15:00,,28.28600,37.48083,95.67775
2025-10-18 09:16:00,,28.30892,37.42725,95.67817
2025-10-18 09:17:00,,28.33890,37.18270,95.66620
2025-10-18 09:18:00,,28.33942,37.47050,95.68225
2025-10-18 09:19:00,,28.35025,37.47242,95.68408
2025-10-18 09:20:00,,28.34830,37.75790,95.69700
2025-10-18 09:21:00,,28.36392,37.49367,95.68167
2025-10-18 09:22:00,,28.37850,37.59675,95.67950
2025-10-18 09:23:00,,28.38258,37.64367,95.67817
2025-10-18 09:24:00,,28.39270,37.39390,95.66270
2025-10-18 09:25:00,,28.38783,37.68750,95.67883
2025-10-18 09:26:00,,28.40250,37.67200,95.68167
2025-10-18 09:27:00,,28.40290,37.92040,95.69660
2025-10-18 09:28:00,,28.43808,37.74650,95.68017
2025-10-18 09:29:00,,28.44700,37.72300,95.68308
2025-10-18 09:30:00,,28.45742,37.85500,95.68208
2025-10-18 09:31:00,,28.47600,37.67120,95.66440
2025-10-18 09:32:00,,28.46525,37.89992,95.67883
2025-10-18 09:33:00,,28.47433,37.88858,95.67917
2025-10-18 09:34:00,,28.46850,38.19120,95.69690
2025-10-18 09:35:00,,28.48467,38.00950,95.67967
2025-10-18 09:36:00,,28.50308,37.96983,95.67875
2025-10-18 09:43:00,,28.61683,38.41767,95.69200
2025-10-18 09:44:00,,28.62300,38.06625,95.66750
2025-10-18 09:45:00,,28.61330,37.80530,95.65330
2025-10-18 09:46:00,,28.59042,38.06992,95.66400
2025-10-18 09:47:00,,28.58667,38.10250,95.66492
2025-10-18 09:48:00,,28.56930,38.39990,95.68230
2025-10-18 09:49:00,,28.58250,38.23817,95.66950
2025-10-18 09:50:00,,28.57933,38.25025,95.66942
2025-10-18 09:51:00,,28.58067,38.27908,95.67342
2025-10-18 09:52:00,,28.58780,38.12540,95.65610
2025-10-18 09:53:00,,28.59308,38.34425,95.67075
2025-10-18 09:54:00,,28.60900,38.32833,95.67450
2025-10-18 09:55:00,,28.61540,38.59780,95.68690
2025-10-18 09:56:00,,28.62642,38.43867,95.67300
2025-10-18 09:57:00,,28.62542,38.45967,95.67242
2025-10-18 09:58:00,,28.63492,38.48233,95.67183
2025-10-18 09:59:00,,28.65280,38.34550,95.65390
2025-10-18 10:00:00,,28.65917,38.60267,95.67292
2025-10-18 10:01:00,,28.66192,38.58200,95.67292
2025-10-18 10:02:00,,28.65900,38.81230,95.68760
2025-10-18 10:03:00,,28.67208,38.62467,95.67100
2025-10-18 10:04:00,,28.67667,38.63667,95.66983
2025-10-18 10:05:00,,28.69350,38.68742,95.67433
2025-10-18 10:06:00,,28.69780,38.53060,95.65690
2025-10-18 10:07:00,,28.70167,38.79717,95.67217
2025-10-18 10:08:00,,28.69842,38.85083,95.67242
2025-10-18 10:09:00,,28.70780,38.99750,95.68930
2025-10-18 10:10:00,,28.72967,38.97700,95.66858
2025-10-18 10:11:00,,28.75725,39.01075,95.66917
2025-10-18 10:12:00,,28.76992,38.97317,95.66667
2025-10-18 10:13:00,,28.79180,38.78920,95.64950
2025-10-18 10:14:00,,28.79008,39.03300,95.66458
2025-10-18 10:15:00,,28.80842,39.37933,95.66608
2025-10-18 10:16:00,,28.79220,39.81740,95.67790
2025-10-18 10:17:00,,28.81908,39.45775,95.66300
2025-10-18 10:18:00,,28.84500,39.31667,95.66233
2025-10-18 10:19:00,,28.86567,39.24500,95.66083
2025-10-18 10:20:00,,28.88720,38.98230,95.64770
2025-10-18 10:21:00,,28.87483,39.04525,95.66250
2025-10-18 10:22:00,,28.89700,39.18775,95.65933
2025-10-18 10:23:00,,28.88640,39.50760,95.67560
2025-10-18 10:24:00,,28.90350,39.31550,95.66117
2025-10-18 10:25:00,,28.90367,39.32717,95.66058
2025-10-18 10:26:00,,28.93425,39.33442,95.66200
2025-10-18 10:27:00,,28.94660,39.12860,95.64370
2025-10-18 10:28:00,,28.95350,39.36667,95.66092
2025-10-18 10:29:00,,28.94425,39.38792,95.66333
2025-10-18 10:30:00,,28.95520,39.62490,95.68130
2025-10-18 10:31:00,,28.95142,39.47042,95.66842
2025-10-18 10:32:00,,28.95875,39.48650,95.66975
2025-10-18 10:33:00,,28.95542,39.41450,95.67042
2025-10-18 10:34:00,,28.97290,39.28730,95.65270
2025-10-18 10:35:00,,28.97433,39.51667,95.66717
2025-10-18 10:36:00,,28.97540,39.73170,95.67970
2025-10-18 10:37:00,,28.99017,39.55542,95.66125
2025-10-18 10:38:00,,28.98733,39.55508,95.65867
2025-10-18 10:39:00,,28.99533,39.51925,95.65767
2025-10-18 10:40:00,,29.00392,39.46050,95.65958
2025-10-18 10:41:00,,29.01760,39.20340,95.64360
2025-10-18 10:42:00,,29.01158,39.37808,95.65667
2025-10-18 10:43:00,,29.01280,39.68640,95.67320
2025-10-18 10:44:00,,29.02150,39.47217,95.65933
2025-10-18 10:45:00,,28.97742,39.65400,95.65717
2025-10-18 10:46:00,,28.90200,39.54708,95.65842
2025-10-18 10:47:00,,28.91725,39.13733,95.66033
2025-10-18 10:48:00,,28.99040,38.67610,95.64360
2025-10-18 10:49:00,,29.03300,38.78300,95.66050
2025-10-18 10:50:00,,29.05330,38.87370,95.67240
2025-10-18 10:51:00,,29.05725,38.50358,95.65667
2025-10-18 10:52:00,,29.07208,38.30217,95.65742
2025-10-18 10:53:00,,29.07017,38.21767,95.65558
2025-10-18 10:54:00,,29.07100,38.21067,95.65392
2025-10-18 10:55:00,,29.08830,38.03660,95.64000
2025-10-18 10:56:00,,29.08125,38.19617,95.65492
2025-10-18 10:57:00,,29.07890,38.33930,95.67130
2025-10-18 10:58:00,,29.08717,37.97217,95.65708
2025-10-18 10:59:00,,29.09242,37.86033,95.65742
2025-10-18 11:00:00,,28.94167,37.48708,95.65792
2025-10-18 11:01:00,,28.92025,37.16692,95.65650
2025-10-18 11:02:00,,28.99140,36.87130,95.64230
2025-10-18 11:03:00,,28.94717,37.09650,95.65983
2025-10-18 11:04:00,,29.03580,37.26720,95.67540
2025-10-18 11:05:00,,29.10675,36.99408,95.65950
2025-10-18 11:06:00,,29.16567,36.84375,95.66133
2025-10-18 11:07:00,,29.21708,36.91900,95.66117
2025-10-18 11:08:00,,29.24017,36.88175,95.66300
2025-10-18 11:09:00,,29.26570,36.60160,95.65080
2025-10-18 11:10:00,,29.30325,36.66088,95.66688
2025-10-18 11:17:00,,29.35900,37.21350,95.73550
2025-10-18 11:18:00,,29.39083,36.25358,95.65800
2025-10-18 11:19:00,,29.39550,35.98325,95.65550
2025-10-18 11:20:00,,29.43150,35.88092,95.65592
2025-10-18 11:21:00,,29.46325,35.87000,95.65400
2025-10-18 11:24:00,,29.30160,35.81360,95.66830
2025-10-18 11:25:00,,29.34375,35.78983,95.65217
2025-10-18 11:26:00,,29.37517,35.74108,95.65058
2025-10-18 11:27:00,,29.42275,35.71142,95.65175
2025-10-18 11:28:00,,29.48200,35.72542,95.65117
2025-10-18 11:29:00,,29.51167,35.61742,95.64967
2025-10-18 11:30:00,,29.54012,35.42400,95.65150
2025-10-18 11:31:00,,29.58092,35.30833,95.65083
2025-10-18 11:32:00,,29.58592,35.02667,95.65067
2025-10-18 11:33:00,,29.59733,34.84400,95.65142
2025-10-18 11:34:00,,29.60708,34.80142,95.65067
2025-10-18 11:35:00,,29.66708,34.68350,95.65158
2025-10-18 11:36:00,,29.67667,34.57550,95.65042
2025-10-18 11:37:00,,29.69725,34.56925,95.64875
2025-10-18 11:38:00,,29.70242,34.48842,95.64792
2025-10-18 11:39:00,,29.74300,34.52933,95.64617
2025-10-18 11:40:00,,29.77967,34.58783,95.64575
2025-10-18 11:41:00,,29.82583,34.53275,95.64600
2025-10-18 11:42:00,,29.84142,34.54000,95.64742
2025-10-18 11:43:00,,29.90480,34.72470,95.66130
2025-10-18 11:44:00,,29.88950,34.42390,95.63170
2025-10-18 11:45:00,,29.91392,34.30092,95.64750
2025-10-18 11:46:00,,29.90692,33.98367,95.64650
2025-10-18 11:47:00,,29.93125,34.09667,95.64500
2025-10-18 11:48:00,,29.95808,34.01900,95.64533
2025-10-18 11:49:00,,29.99842,34.17050,95.64467
2025-10-18 11:50:00,,30.02440,34.33080,95.66110
2025-10-18 11:51:00,,29.98900,33.97850,95.62930
2025-10-18 11:52:00,,30.02967,33.85258,95.64517
2025-10-18 11:53:00,,30.06075,33.50967,95.64525
2025-10-18 11:54:00,,30.10000,33.40008,95.64517
2025-10-18 11:55:00,,30.09408,33.52025,95.64358
2025-10-18 11:56:00,,30.13442,33.61325,95.64250
2025-10-18 11:57:00,,30.17730,33.64900,95.65720
2025-10-18 11:58:00,,30.12470,33.19150,95.62420
2025-10-18 11:59:00,,30.15533,32.89317,95.64008
2025-10-18 12:00:00,,30.16725,32.48967,95.63858
2025-10-18 12:01:00,,30.21392,32.80033,95.64017
2025-10-18 12:02:00,,30.25767,32.99242,95.64017
2025-10-18 12:03:00,,30.26692,33.06592,95.63733
2025-10-18 12:04:00,,30.28090,32.95700,95.65060
2025-10-18 12:05:00,,30.25300,32.83700,95.62090
2025-10-18 12:06:00,,30.30775,33.16275,95.63725
2025-10-18 12:07:00,,30.37633,33.18042,95.63675
2025-10-18 12:08:00,,30.40100,33.02108,95.63592
2025-10-18 12:09:00,,30.44650,33.10483,95.63692
2025-10-18 12:10:00,,30.44200,33.08283,95.63800
2025-10-18 12:11:00,,30.49710,33.07040,95.65420
2025-10-18 12:12:00,,30.47530,32.58440,95.62300
2025-10-18 12:13:00,,30.50700,32.44775,95.63942
2025-10-18 12:14:00,,30.54192,32.31000,95.64075
2025-10-18 12:15:00,,30.56342,32.41717,95.64133
2025-10-18 12:16:00,,30.61375,32.43675,95.64142
2025-10-18 12:17:00,,30.65025,32.51733,95.64175
2025-10-18 12:18:00,,30.70960,32.64230,95.65790
2025-10-18 12:19:00,,30.67550,32.37340,95.62580
2025-10-18 12:20:00,,30.67925,32.50767,95.64008
2025-10-18 12:21:00,,30.72908,32.53108,95.64083
2025-10-18 12:22:00,,30.79308,32.78800,95.64142
2025-10-18 12:23:00,,30.77483,32.64108,95.64108
2025-10-18 12:24:00,,30.78150,32.19692,95.63908
2025-10-18 12:25:00,,30.80480,32.14220,95.65450
2025-10-18 12:26:00,,30.81390,31.57490,95.62270
2025-10-18 12:27:00,,30.85950,31.84000,95.63533
2025-10-18 12:28:00,,30.91533,31.99458,95.63575
2025-10-18 12:29:00,,30.93867,31.91267,95.63400
2025-10-18 12:30:00,,30.93100,31.76917,95.63400
2025-10-18 12:31:00,,30.95875,31.53967,95.63325
2025-10-18 12:32:00,,30.98130,31.44020,95.64930
2025-10-18 12:33:00,,30.97760,31.18110,95.61900
2025-10-18 12:34:00,,31.01683,31.45467,95.63433
2025-10-18 12:35:00,,31.05200,31.35283,95.63383
2025-10-18 12:36:00,,31.08892,31.09275,95.63275
2025-10-18 12:37:00,,31.10108,30.88567,95.62917
2025-10-18 12:38:00,,31.07767,30.67033,95.62742
2025-10-18 12:39:00,,31.10160,30.61800,95.63930
2025-10-18 12:40:00,,31.08730,30.58680,95.60820
2025-10-18 12:41:00,,31.12383,30.85167,95.62308
2025-10-18 12:42:00,,31.10475,30.88725,95.62117
2025-10-18 12:43:00,,31.15025,30.90250,95.61683
2025-10-18 12:44:00,,31.18742,31.02858,95.61500
2025-10-18 12:45:00,,31.21583,31.12808,95.61408
2025-10-18 12:46:00,,31.25830,31.19990,95.63020
2025-10-18 12:47:00,,31.26520,31.02520,95.59780
2025-10-18 12:48:00,,31.29692,31.03675,95.61233
2025-10-18 12:49:00,,31.18875,31.01125,95.60933
2025-10-18 12:50:00,,31.25258,30.95258,95.60917
2025-10-18 12:51:00,,31.31033,31.12633,95.60575
2025-10-18 12:52:00,,31.36750,30.99883,95.60333
2025-10-18 12:53:00,,31.45580,30.80040,95.61740
2025-10-18 12:54:00,,31.43910,30.70410,95.58530
2025-10-18 12:55:00,,31.47042,30.95083,95.60000
2025-10-18 12:56:00,,31.46817,30.80100,95.59850
2025-10-18 12:57:00,,31.47608,30.23825,95.59858
2025-10-18 12:58:00,,31.47300,29.35042,95.59467
2025-10-18 12:59:00,,31.38225,28.06317,95.59108
2025-10-18 13:00:00,,31.43220,28.72080,95.60310
2025-10-18 13:01:00,,31.46440,28.77740,95.57040
2025-10-18 13:02:00,,31.55783,28.97342,95.58442
2025-10-18 13:03:00,,31.59650,29.08592,95.58333
2025-10-18 13:04:00,,31.63625,29.06317,95.58408
2025-10-18 13:05:00,,31.65925,28.73975,95.58108
2025-10-18 13:06:00,,31.67900,28.53600,95.58000
2025-10-18 13:07:00,,31.73250,28.71890,95.59540
2025-10-18 13:08:00,,31.70420,28.52760,95.56210
2025-10-18 13:09:00,,31.77317,28.81817,95.57667
2025-10-18 13:10:00,,31.82300,28.88425,95.57808
2025-10-18 13:11:00,,31.84842,28.87450,95.57792
2025-10-18 13:12:00,,31.87608,28.89108,95.57950
2025-10-18 13:13:00,,31.89280,28.87040,95.59340
2025-10-18 13:14:00,,31.89150,28.59858,95.57650
2025-10-18 13:15:00,,31.89330,28.58540,95.55950
2025-10-18 13:16:00,,31.96108,28.70717,95.57458
2025-10-18 13:17:00,,31.97667,28.64192,95.57383
2025-10-18 13:18:00,,31.99200,28.71867,95.57233
2025-10-18 13:19:00,,32.02950,28.71483,95.57150
2025-10-18 13:20:00,,32.09790,28.77040,95.58640
2025-10-18 13:21:00,,32.10675,28.70933,95.57075
2025-10-18 13:22:00,,32.09490,28.56510,95.55490
2025-10-18 13:23:00,,32.11675,28.58350,95.56967
2025-10-18 13:24:00,,32.12850,28.38017,95.56858
2025-10-18 13:25:00,,32.14475,28.46850,95.56708
2025-10-18 13:26:00,,32.16850,28.59367,95.56467
2025-10-18 13:27:00,,32.23950,28.66060,95.57850
2025-10-18 13:28:00,,32.23442,28.47233,95.56175
2025-10-18 13:29:00,,32.24770,28.42400,95.54520
2025-10-18 13:30:00,,32.28650,28.58033,95.55883
2025-10-18 13:31:00,,32.30617,28.66442,95.55458
2025-10-18 13:32:00,,32.35367,28.70850,95.55333
2025-10-18 13:33:00,,32.37775,28.83792,95.55242
2025-10-18 13:34:00,,32.42160,29.01340,95.56760
2025-10-18 13:35:00,,32.41425,28.94517,95.55192
2025-10-18 13:36:00,,32.40340,28.83980,95.53630
2025-10-18 13:37:00,,32.44892,28.91250,95.55125
2025-10-18 13:38:00,,32.45292,28.76225,95.55183
2025-10-18 13:39:00,,32.50217,28.78408,95.55050
2025-10-18 13:40:00,,32.52367,28.70867,95.55092
2025-10-18 13:41:00,,32.55650,28.70880,95.56720
2025-10-18 13:42:00,,32.46892,28.21075,95.55217
2025-10-18 13:43:00,,32.47230,27.63530,95.53620
2025-10-18 13:44:00,,32.57483,27.63800,95.55042
2025-10-18 13:45:00,,32.61092,27.85600,95.55225
2025-10-18 13:46:00,,32.53683,27.76092,95.55275
2025-10-18 13:47:00,,32.58192,27.89425,95.55408
2025-10-18 13:48:00,,32.62010,28.19310,95.57200
2025-10-18 13:49:00,,32.63600,28.01092,95.55375
2025-10-18 13:50:00,,32.66590,27.91180,95.54020
2025-10-18 13:51:00,,32.72650,28.07117,95.55742
2025-10-18 13:52:00,,32.76217,27.95292,95.55858
2025-10-18 13:53:00,,32.77800,27.67908,95.55725
2025-10-18 13:54:00,,32.81783,27.81108,95.55900
2025-10-18 13:55:00,,32.88720,27.92470,95.57470
2025-10-18 13:56:00,,32.89450,27.76692,95.55850
2025-10-18 13:57:00,,32.89310,27.68500,95.54310
2025-10-18 13:58:00,,32.94383,27.77758,95.55842
2025-10-18 13:59:00,,32.96767,27.68492,95.55492
2025-10-18 14:00:00,,32.97333,27.72050,95.55633
2025-10-18 14:01:00,,32.96833,27.63308,95.55342
2025-10-18 14:02:00,,33.00450,27.57910,95.56680
2025-10-18 14:03:00,,33.00375,27.52500,95.55100
2025-10-18 14:04:00,,33.01970,27.46960,95.53610
2025-10-18 14:05:00,,33.05933,27.54325,95.55150
2025-10-18 14:06:00,,33.10425,27.56492,95.55133
2025-10-18 14:07:00,,33.13467,27.61750,95.55292
2025-10-18 14:08:00,,33.15242,27.59133,95.55175
2025-10-18 14:09:00,,33.16160,27.59470,95.56440
2025-10-18 14:10:00,,33.14983,27.51908,95.54550
2025-10-18 14:11:00,,33.16830,27.52930,95.53460
2025-10-18 14:12:00,,33.23017,27.55925,95.54592
2025-10-18 14:13:00,,33.24033,27.39925,95.54517
2025-10-18 14:14:00,,33.22850,27.42675,95.54858
2025-10-18 14:15:00,,33.29517,27.40433,95.54950
2025-10-18 14:16:00,,33.32470,27.35280,95.56090
2025-10-18 14:17:00,,33.29267,27.15225,95.54458
2025-10-18 14:18:00,,33.32150,26.89450,95.52780
2025-10-18 14:19:00,,33.35458,26.77425,95.53775
2025-10-18 14:20:00,,33.36225,26.53983,95.53892
2025-10-18 14:21:00,,33.39425,26.46433,95.53725
2025-10-18 14:22:00,,33.41375,26.49575,95.54100
2025-10-18 14:23:00,,33.42160,26.65520,95.55740
2025-10-18 14:24:00,,33.42017,26.34700,95.53633
2025-10-18 14:25:00,,33.45310,26.13540,95.52130
2025-10-18 14:26:00,,33.47417,26.42900,95.53417
2025-10-18 14:27:00,,33.48650,26.57900,95.53483
2025-10-18 14:28:00,,33.50100,26.78850,95.53692
2025-10-18 14:29:00,,33.53425,26.95717,95.53625
2025-10-18 14:30:00,,33.54840,26.76340,95.55450
2025-10-18 14:31:00,,33.49700,26.65825,95.54925
2025-10-18 14:32:00,,33.53130,26.54050,95.52960
2025-10-18 14:33:00,,33.59892,26.18425,95.55075
2025-10-18 14:34:00,,33.61292,25.80808,95.55408
2025-10-18 14:35:00,,33.64858,25.70817,95.55700
2025-10-18 14:36:00,,33.69500,25.56275,95.56175
2025-10-18 14:37:00,,33.75110,25.69570,95.57530
2025-10-18 14:38:00,,33.75667,25.40008,95.56267
2025-10-18 14:39:00,,33.79230,24.97470,95.55610
2025-10-18 14:40:00,,33.83433,24.82175,95.56475
2025-10-18 14:41:00,,33.85608,24.89583,95.56692
2025-10-18 14:42:00,,33.82000,24.54725,95.56442
2025-10-18 14:43:00,,33.84120,24.53140,95.58160
2025-10-18 14:44:00,,33.88100,24.68450,95.56825
2025-10-18 14:45:00,,33.90342,24.65558,95.56775
2025-10-18 14:46:00,,33.88490,24.28020,95.55740
2025-10-18 14:47:00,,33.86600,23.78517,95.57075
2025-10-18 14:48:00,,33.88817,23.77292,95.57475
2025-10-18 14:49:00,,33.88950,23.87300,95.58242
2025-10-18 14:50:00,,33.83900,23.47210,95.59530
2025-10-18 14:51:00,,33.87958,23.22175,95.58108
2025-10-18 14:52:00,,33.91067,23.44567,95.57467
2025-10-18 14:53:00,,33.92040,23.34190,95.56220
2025-10-18 14:54:00,,33.92417,23.32358,95.58125
2025-10-18 14:55:00,,33.92317,23.50717,95.57500
2025-10-18 14:56:00,,33.93575,23.25200,95.57775
2025-10-18 14:57:00,,33.93220,23.35000,95.60190
2025-10-18 14:58:00,,33.93625,23.15592,95.58217
2025-10-18 14:59:00,,33.94275,22.98883,95.58325
2025-10-18 15:00:00,,33.94220,22.83890,95.56700
2025-10-18 15:01:00,,33.95667,22.97617,95.58567
2025-10-18 15:02:00,,33.92642,22.81125,95.58383
2025-10-18 15:03:00,,33.93725,22.93025,95.58225
2025-10-18 15:04:00,,33.97340,23.18480,95.59470
2025-10-18 15:05:00,,33.96558,23.25200,95.57983
2025-10-18 15:06:00,,33.97350,23.45300,95.58233
2025-10-18 15:07:00,,33.98680,23.47180,95.56930
2025-10-18 15:08:00,,33.98230,23.59040,95.57050
2025-10-18 15:09:00,,33.98725,23.80317,95.58675
2025-10-18 15:10:00,,33.99250,23.82758,95.58525
2025-10-18 15:11:00,,34.00690,23.96360,95.60520
2025-10-18 15:12:00,,33.99592,23.92258,95.58917
2025-10-18 15:13:00,,34.00575,24.10183,95.59325
2025-10-18 15:14:00,,34.00870,24.11760,95.57950
2025-10-18 15:15:00,,33.95708,24.23517,95.59042
2025-10-18 15:16:00,,33.99275,24.43117,95.59175
2025-10-18 15:17:00,,34.01300,24.58708,95.59258
2025-10-18 15:18:00,,34.02120,24.79810,95.60510
2025-10-18 15:19:00,,34.03142,24.77367,95.58725
2025-10-18 15:20:00,,34.03117,24.83617,95.58808
2025-10-18 15:21:00,,34.03030,24.81720,95.57020
2025-10-18 15:22:00,,34.03808,24.99367,95.58550
2025-10-18 15:23:00,,34.04242,25.15800,95.58292
2025-10-18 15:24:00,,34.03958,25.28600,95.58483
2025-10-18 15:25:00,,34.03740,25.60690,95.60330
2025-10-18 15:26:00,,34.02683,25.58125,95.58425
2025-10-18 15:27:00,,34.04892,25.70592,95.58300
2025-10-18 15:28:00,,34.04400,25.66670,95.57100
2025-10-18 15:29:00,,34.03142,25.89883,95.58717
2025-10-18 15:30:00,,34.03267,25.84208,95.58767
2025-10-18 15:31:00,,34.03383,26.03875,95.59142
2025-10-18 15:32:00,,34.02750,26.11370,95.60810
2025-10-18 15:33:00,,34.08617,25.95275,95.59100
2025-10-18 15:34:00,,34.08842,25.94308,95.59217
2025-10-18 15:35:00,,34.09330,25.80720,95.58080
2025-10-18 15:36:00,,34.10117,25.81633,95.59508
2025-10-18 15:37:00,,34.09758,25.76300,95.59517
2025-10-18 15:38:00,,34.09033,25.83133,95.59408
2025-10-18 15:39:00,,34.08310,26.02220,95.61290
2025-10-18 15:40:00,,34.10167,25.90308,95.59875
2025-10-18 15:41:00,,34.09983,25.85717,95.59467
2025-10-18 15:42:00,,34.10270,25.83310,95.58110
2025-10-18 15:43:00,,34.09833,26.06467,95.59692
2025-10-18 15:44:00,,34.09683,26.17983,95.60100
2025-10-18 15:45:00,,34.09142,26.14942,95.60108
2025-10-18 15:46:00,,34.07180,26.10070,95.61440
2025-10-18 15:47:00,,34.08950,25.97783,95.59658
2025-10-18 15:48:00,,34.10167,26.01125,95.60258
2025-10-18 15:49:00,,34.10960,25.85510,95.59750
2025-10-18 15:50:00,,34.07375,26.04300,95.61050
2025-10-18 15:51:00,,34.09183,26.04983,95.61883
2025-10-18 15:52:00,,34.10175,25.98800,95.62400
2025-10-18 15:53:00,,34.09050,26.14000,95.63580
2025-10-18 15:54:00,,34.11717,26.07833,95.61942
2025-10-18 15:55:00,,34.12592,26.15950,95.62300
2025-10-18 15:56:00,,34.12560,26.08710,95.60290
2025-10-18 15:57:00,,34.10550,26.27242,95.62025
2025-10-18 15:58:00,,34.11358,26.34483,95.61792
2025-10-18 15:59:00,,34.11042,26.40433,95.61600
2025-10-18 16:00:00,,34.08110,26.62560,95.63720
2025-10-18 16:01:00,,34.09133,26.43692,95.61525
2025-10-18 16:02:00,,34.08983,26.35350,95.61267
2025-10-18 16:03:00,,34.10370,26.31250,95.59990
2025-10-18 16:04:00,,34.09842,26.43325,95.61700
2025-10-18 16:05:00,,34.10025,26.49783,95.61850
2025-10-18 16:06:00,,34.07675,26.36567,95.61175
2025-10-18 16:07:00,,34.08550,26.62190,95.63080
2025-10-18 16:08:00,,34.09542,26.53175,95.62150
2025-10-18 16:09:00,,34.08267,26.48883,95.62175
2025-10-18 16:10:00,,34.07720,26.19840,95.60400
2025-10-18 16:11:00,,34.06242,26.33842,95.62058
2025-10-18 16:12:00,,34.06733,26.33525,95.62133
2025-10-18 16:13:00,,34.05340,26.19400,95.63500
2025-10-18 16:14:00,,34.05375,25.69725,95.61517
2025-10-18 16:15:00,,34.05917,25.81967,95.61350
2025-10-18 16:16:00,,34.04792,25.94083,95.61208
2025-10-18 16:17:00,,34.05190,25.80530,95.59390
2025-10-18 16:18:00,,34.08908,26.18708,95.60992
2025-10-18 16:19:00,,34.07608,26.18417,95.60508
2025-10-18 16:20:00,,34.06430,26.19820,95.62120
2025-10-18 16:21:00,,34.06517,26.04483,95.61108
2025-10-18 16:22:00,,34.04850,25.71650,95.60850
2025-10-18 16:23:00,,34.05400,25.72442,95.61008
2025-10-18 16:24:00,,34.07100,25.60970,95.60100
2025-10-18 16:25:00,,33.98717,25.73483,95.61392
2025-10-18 16:26:00,,34.00925,25.84408,95.61850
2025-10-18 16:27:00,,34.00830,25.93250,95.63260
2025-10-18 16:28:00,,34.05683,25.89967,95.61733
2025-10-18 16:29:00,,34.04300,25.91567,95.61442
2025-10-18 16:30:00,,34.03150,26.02167,95.61742
2025-10-18 16:31:00,,34.05800,25.89160,95.59430
2025-10-18 16:32:00,,34.02667,26.05092,95.61325
2025-10-18 16:33:00,,34.02175,26.09792,95.61392
2025-10-18 16:34:00,,33.98830,26.34000,95.63030
2025-10-18 16:35:00,,33.97775,26.31217,95.61225
2025-10-18 16:36:00,,33.99792,26.35550,95.61283
2025-10-18 16:37:00,,34.01767,26.35517,95.61383
2025-10-18 16:38:00,,34.03020,26.22450,95.59830
2025-10-18 16:39:00,,33.99600,26.13967,95.62017
2025-10-18 16:40:00,,33.94858,25.21142,95.61833
2025-10-18 16:41:00,,33.89700,24.95610,95.63370
2025-10-18 16:42:00,,33.96075,24.53908,95.61667
2025-10-18 16:43:00,,33.96608,24.37817,95.61575
2025-10-18 16:44:00,,33.95817,24.26092,95.62125
2025-10-18 16:45:00,,33.98730,23.87350,95.60450
2025-10-18 16:46:00,,33.97342,24.33642,95.62567
2025-10-18 16:47:00,,33.93450,24.62300,95.62042
2025-10-18 16:48:00,,33.93330,24.65830,95.63890
2025-10-18 16:49:00,,33.96633,24.67542,95.62342
2025-10-18 16:50:00,,33.95275,24.73725,95.62417
2025-10-18 16:51:00,,33.93208,24.89058,95.62700
2025-10-18 16:52:00,,33.96880,24.75720,95.61130
2025-10-18 16:53:00,,33.95858,24.90125,95.63350
2025-10-18 16:54:00,,33.92675,25.10758,95.63392
2025-10-18 16:55:00,,33.88640,25.41640,95.64900
2025-10-18 16:56:00,,33.91133,25.32533,95.63633
2025-10-18 16:57:00,,33.90083,25.54833,95.63450
2025-10-18 16:58:00,,33.91233,25.67117,95.63492
2025-10-18 16:59:00,,33.93140,25.61770,95.62250
2025-10-18 17:00:00,,33.89717,25.87625,95.64442
2025-10-18 17:01:00,,33.83683,26.08258,95.64592
2025-10-18 17:02:00,,33.80040,26.27950,95.65410
2025-10-18 17:03:00,,33.82833,26.17633,95.63517
2025-10-18 17:04:00,,33.83133,26.20933,95.63658
2025-10-18 17:05:00,,33.77817,26.27133,95.63400
2025-10-18 17:06:00,,33.81520,26.18640,95.62040
2025-10-18 17:07:00,,33.77258,26.38942,95.63458
2025-10-18 17:08:00,,33.78625,26.42475,95.63500
2025-10-18 17:09:00,,33.75100,26.62270,95.65040
2025-10-18 17:10:00,,33.74608,26.52250,95.63567
2025-10-18 17:11:00,,33.76208,26.59025,95.63083
2025-10-18 17:12:00,,33.76150,26.66117,95.63008
2025-10-18 17:13:00,,33.77690,26.59040,95.61680
2025-10-18 17:14:00,,33.80433,26.71933,95.63292
2025-10-18 17:15:00,,33.81050,26.77158,95.63475
2025-10-18 17:16:00,,33.75420,27.07790,95.65040
2025-10-18 17:17:00,,33.76058,26.95658,95.63592
2025-10-18 17:18:00,,33.73142,26.99358,95.63900
2025-10-18 17:19:00,,33.71058,27.14900,95.64083
2025-10-18 17:20:00,,33.73670,27.07450,95.62420
2025-10-18 17:21:00,,33.71658,27.27992,95.64000
2025-10-18 17:22:00,,33.71975,27.26717,95.64117
2025-10-18 17:23:00,,33.68240,27.46040,95.66140
2025-10-18 17:24:00,,33.68675,27.40200,95.64475
2025-10-18 17:25:00,,33.67742,27.41650,95.64108
2025-10-18 17:26:00,,33.67767,27.41383,95.64792
2025-10-18 17:27:00,,33.68030,27.38610,95.63180
2025-10-18 17:28:00,,33.64133,27.56058,95.65008
2025-10-18 17:29:00,,33.64417,27.50450,95.64758
2025-10-18 17:30:00,,33.60060,27.70270,95.66450
2025-10-18 17:31:00,,33.61292,27.75167,95.65117
2025-10-18 17:32:00,,33.61733,27.82617,95.65225
2025-10-18 17:33:00,,33.64875,27.87292,95.65800
2025-10-18 17:34:00,,33.66440,27.93690,95.64670
2025-10-18 17:35:00,,33.61217,28.16658,95.66533
2025-10-18 17:36:00,,33.60092,28.14342,95.66608
2025-10-18 17:37:00,,33.55560,28.20970,95.68670
2025-10-18 17:38:00,,33.57833,28.00825,95.67408
2025-10-18 17:39:00,,33.52150,27.99392,95.66925
2025-10-18 17:40:00,,33.52858,27.98592,95.67008
2025-10-18 17:41:00,,33.54770,27.80290,95.65530
2025-10-18 17:42:00,,33.53200,27.91150,95.67167
2025-10-18 17:43:00,,33.50340,28.16260,95.69090
2025-10-18 17:44:00,,33.32775,28.06367,95.67275
2025-10-18 17:45:00,,33.11250,27.96550,95.67158
2025-10-18 17:46:00,,32.73525,27.79333,95.67208
2025-10-18 17:47:00,,32.22408,28.06600,95.67133
2025-10-18 17:48:00,,31.95440,28.10140,95.65740
2025-10-18 17:49:00,,31.51800,28.51367,95.66925
2025-10-18 17:50:00,,31.59540,28.98220,95.68320
2025-10-18 17:51:00,,32.07033,28.80208,95.66850
2025-10-18 17:52:00,,32.43242,28.59942,95.67200
2025-10-18 17:53:00,,32.67908,28.48625,95.67225
2025-10-18 17:54:00,,32.85200,28.40875,95.67267
2025-10-18 17:55:00,,32.95740,28.20690,95.65840
2025-10-18 17:56:00,,32.81340,28.45630,95.66110
2025-10-18 17:57:00,,32.92460,28.81490,95.69090
2025-10-18 17:58:00,,33.03167,28.58508,95.67308
2025-10-18 17:59:00,,33.09500,28.59217,95.67383
2025-10-18 18:00:00,,33.13383,28.56242,95.67358
2025-10-18 18:01:00,,33.16783,28.50400,95.67258
2025-10-18 18:02:00,,33.18470,28.33000,95.65700
2025-10-18 18:03:00,,33.19592,28.46208,95.67300
2025-10-18 18:04:00,,33.18400,28.64460,95.68830
2025-10-18 18:05:00,,33.21425,28.53042,95.67550
2025-10-18 18:06:00,,33.21050,28.72850,95.67850
2025-10-18 18:07:00,,33.21117,28.72125,95.67975
2025-10-18 18:08:00,,33.22025,28.74883,95.67917
2025-10-18 18:09:00,,33.23650,28.58030,95.66600
2025-10-18 18:10:00,,33.24142,28.79317,95.68275
2025-10-18 18:11:00,,33.23260,28.86830,95.70320
2025-10-18 18:12:00,,33.24683,28.66808,95.68542
2025-10-18 18:13:00,,33.27292,28.74150,95.68825
2025-10-18 18:14:00,,33.27492,28.77767,95.69175
2025-10-18 18:15:00,,33.26358,28.71733,95.69492
2025-10-18 18:16:00,,33.23220,28.71370,95.67850
2025-10-18 18:17:00,,32.97742,29.06817,95.69642
2025-10-18 18:18:00,,32.97750,29.18160,95.71700
2025-10-18 18:19:00,,33.04767,28.82208,95.70133
2025-10-18 18:20:00,,33.09350,28.86633,95.70217
2025-10-18 18:21:00,,33.10700,28.92775,95.70417
2025-10-18 18:22:00,,33.13433,28.76425,95.71042
2025-10-18 18:23:00,,33.14130,28.51850,95.69150
2025-10-18 18:24:00,,33.14025,28.51508,95.70967
2025-10-18 18:25:00,,33.08070,28.71450,95.72560
2025-10-18 18:26:00,,33.09208,28.44567,95.70992
2025-10-18 18:27:00,,33.08100,28.23933,95.71117
2025-10-18 18:28:00,,33.04883,28.56617,95.71108
2025-10-18 18:29:00,,32.95592,29.38775,95.71242
2025-10-18 18:30:00,,33.02360,28.78580,95.69490
2025-10-18 18:31:00,,33.03775,28.58725,95.70958
2025-10-18 18:32:00,,33.03900,29.01620,95.72640
2025-10-18 18:33:00,,33.07817,28.59842,95.70958
2025-10-18 18:34:00,,33.09567,28.43608,95.71067
2025-10-18 18:35:00,,33.09450,28.39125,95.70933
2025-10-18 18:36:00,,33.07958,28.33283,95.70658
2025-10-18 18:37:00,,33.06880,28.30920,95.69140
2025-10-18 18:38:00,,33.03092,28.36908,95.70142
2025-10-18 18:39:00,,33.02200,28.43810,95.71700
2025-10-18 18:40:00,,33.06942,28.28458,95.70042
2025-10-18 18:41:00,,33.05433,28.35725,95.69942
2025-10-18 18:42:00,,33.02800,28.74342,95.69950
2025-10-18 18:43:00,,33.05508,28.46200,95.69975
2025-10-18 18:44:00,,33.07650,28.50060,95.68460
2025-10-18 18:45:00,,33.07158,28.32658,95.70142
2025-10-18 18:46:00,,33.04660,28.28180,95.71890
2025-10-18 18:47:00,,33.08400,28.19033,95.70292
2025-10-18 18:48:00,,33.06442,28.39525,95.70675
2025-10-18 18:49:00,,33.07725,28.48083,95.70575
2025-10-18 18:50:00,,33.07458,28.61358,95.70533
2025-10-18 18:51:00,,33.08070,28.36390,95.69110
2025-10-18 18:52:00,,33.07325,28.64017,95.71133
2025-10-18 18:53:00,,33.05790,28.53200,95.73390
2025-10-18 18:54:00,,33.05458,28.50767,95.72633
2025-10-18 18:55:00,,33.03683,28.74833,95.73500
2025-10-18 18:56:00,,33.02950,28.88067,95.74275
2025-10-18 18:57:00,,33.02775,28.73950,95.75167
2025-10-18 18:58:00,,33.00600,28.58060,95.73810
2025-10-18 18:59:00,,32.97217,28.85950,95.75542
2025-10-18 19:00:00,,32.94550,29.15560,95.77050
2025-10-18 19:01:00,,32.97675,28.71625,95.75775
2025-10-18 19:02:00,,32.97475,28.92658,95.76017
2025-10-18 19:03:00,,32.97575,28.83625,95.76392
2025-10-18 19:04:00,,32.96275,29.53058,95.76208
2025-10-18 19:05:00,,32.95540,29.24010,95.74960
2025-10-18 19:06:00,,32.95050,29.08350,95.76883
2025-10-18 19:07:00,,32.95870,29.50440,95.79250
2025-10-18 19:08:00,,32.95267,29.29292,95.77425
2025-10-18 19:09:00,,32.93975,29.08817,95.77508
2025-10-18 19:10:00,,32.90550,28.95142,95.77908
2025-10-18 19:11:00,,32.85583,29.06017,95.77683
2025-10-18 19:12:00,,32.87050,28.68987,95.77437
